{
    "platform_info": {
        "name": "KITAB ASAN",
        "description": "An online learning platform offering quality courses from expert instructors",
        "features": [
            "Online courses with video lessons",
            "Free and paid course options",
            "Expert instructors",
            "Flexible learning schedule",
            "Course progress tracking",
            "Certificates upon completion",
            "Interactive quizzes and assessments",
            "Multi-teacher support",
            "Mobile responsive design",
            "Progress analytics"
        ]
    },
    "faqs": [
        {
            "question": [
                "what is kitabasan",
                "what is this platform",
                "tell me about kitabasan",
                "what is kitab asan",
                "what is this website",
                "about this platform"
            ],
            "answer": "KITAB ASAN is an online education platform that offers quality courses taught by expert instructors. We provide both free and paid courses across various subjects and grade levels. You can learn at your own pace, track your progress, and earn certificates upon completion. Our platform is designed to make quality education accessible to everyone."
        },
        {
            "question": [
                "how do i enroll",
                "how to enroll",
                "enrollment process",
                "join course",
                "enroll in course",
                "sign up for course",
                "register for course",
                "how can i join",
                "how to join a course"
            ],
            "answer": "To enroll in a course, simply browse our courses page, select the course you're interested in, and click 'Enroll Now'. For free courses, you can start learning immediately after enrollment. For paid courses, you'll need to complete the payment process first. Once enrolled, you can access all course materials, video lessons, quizzes, and track your progress from your dashboard."
        },
        {
            "question": [
                "free courses",
                "are there free courses",
                "free classes",
                "do you have free courses",
                "free course options",
                "can i learn for free",
                "free tutorials"
            ],
            "answer": "Yes! We offer many free courses across various subjects and grade levels. You can browse our free courses section on the homepage or filter courses by 'Free' when browsing. Free courses provide the same high-quality content, video lessons, and assessments as paid courses. Simply enroll in a free course and start learning immediately without any payment required."
        },
        {
            "question": [
                "payment",
                "how to pay",
                "payment methods",
                "pay for course",
                "how do i pay",
                "payment options",
                "accept payment",
                "payment gateway",
                "how to purchase course"
            ],
            "answer": "We accept multiple payment methods including credit/debit cards, bank transfers, and mobile banking. Payment methods can be configured by the admin in the settings. All payments are secure and processed through trusted payment gateways. You can complete the payment directly on the course enrollment page. For payment-related issues, please contact our support team."
        },
        {
            "question": [
                "contact",
                "how to contact",
                "support",
                "help",
                "customer service",
                "get help",
                "contact support",
                "customer care",
                "need help",
                "technical support"
            ],
            "answer": "You can contact us through our Contact page on the website. We also offer WhatsApp support at +92 334 2372772. Our support team is available to help with any questions about courses, enrollment, payments, technical issues, or platform features. You can also email us at info@kitabasan.com. We're here to help you with your learning journey!"
        },
        {
            "question": [
                "about us",
                "who are we",
                "company information",
                "about the platform",
                "our mission",
                "who created this"
            ],
            "answer": "KITAB ASAN is dedicated to providing quality online education. We believe in making learning accessible to everyone through our comprehensive course library and expert instructors. Our platform offers flexible learning schedules, progress tracking, and certificates upon completion. Visit our About Us page to learn more about our mission, values, and commitment to quality education."
        },
        {
            "question": [
                "courses available",
                "what courses",
                "subjects",
                "what can i learn",
                "available courses",
                "course catalog",
                "what subjects",
                "course categories",
                "list of courses"
            ],
            "answer": "We offer courses across multiple subjects and grade levels including Mathematics, Science, Languages, Technology, Business, Arts, and more. You can browse our courses page to see all available courses. Each course includes comprehensive video lessons, downloadable materials, interactive quizzes, and assessments. Our courses are designed for different skill levels from beginner to advanced."
        },
        {
            "question": [
                "certificate",
                "do i get certificate",
                "certification",
                "course certificate",
                "completion certificate",
                "earn certificate",
                "certificate of completion",
                "do courses provide certificates"
            ],
            "answer": "Yes! Many of our courses offer certificates upon completion. Certificate availability depends on the specific course - check the course details page to see if a certificate is offered. To earn a certificate, you typically need to complete all lessons, watch all video content, pass assessments with a minimum score (usually 70%), and achieve 100% course completion. Certificates are automatically issued and can be downloaded from your dashboard."
        },
        {
            "question": [
                "system requirements",
                "what do i need",
                "device requirements",
                "browser requirements",
                "what device",
                "technical requirements",
                "what browser",
                "internet speed"
            ],
            "answer": "You can access our platform from any device with an internet connection - desktop, laptop, tablet, or mobile phone. We recommend using a modern web browser like Chrome, Firefox, Safari, or Edge for the best experience. A stable internet connection (minimum 2 Mbps) is required for smooth video playback. Our platform is fully responsive and works on all screen sizes. No special software installation is required!"
        },
        {
            "question": [
                "developer",
                "who developed this",
                "created by",
                "contact developer",
                "who made this",
                "developer contact",
                "who built this platform"
            ],
            "answer": "This platform was developed by MUHAMMAD WASIM. You can contact the developer via phone at +92 334 2372772 or through WhatsApp for technical inquiries, platform-related questions, custom development requests, or partnership opportunities. The developer is available for technical support and can assist with any platform-related queries."
        },
        {
            "question": [
                "track progress",
                "view progress",
                "check progress",
                "my progress",
                "course progress",
                "learning progress",
                "see my progress",
                "how am i doing"
            ],
            "answer": "You can track your learning progress directly from your student dashboard. The dashboard shows your enrolled courses, completion percentage for each course, quiz scores, time spent learning, and certificates earned. Each course has a detailed progress page showing which lessons you've completed, which quizzes you've passed, and your overall performance. Progress is automatically updated as you complete lessons and quizzes."
        },
        {
            "question": [
                "quiz",
                "quizzes",
                "assessment",
                "test",
                "exam",
                "how to take quiz",
                "quiz passing score",
                "quiz requirements"
            ],
            "answer": "Each course includes interactive quizzes and assessments to test your understanding. Quizzes are typically multiple-choice questions based on the course content. The passing score for most quizzes is 70%. You can retake quizzes multiple times to improve your score. Quiz results are saved and tracked in your progress. Passing quizzes is often required to earn course certificates and complete the course."
        },
        {
            "question": [
                "download course",
                "download materials",
                "course materials",
                "download videos",
                "offline access",
                "download lessons",
                "can i download"
            ],
            "answer": "Course materials like PDFs, documents, and reading materials can be downloaded from the course page. However, video lessons are streamed online and cannot be downloaded due to copyright protection. You can access all course content anytime through your dashboard as long as you have an internet connection. Some materials may be available for download in the course resources section."
        },
        {
            "question": [
                "refund",
                "refund policy",
                "get refund",
                "money back",
                "cancel enrollment",
                "refund course",
                "how to get refund"
            ],
            "answer": "Our refund policy depends on the course and circumstances. Generally, refunds are available within a specified time period after enrollment (usually 7-14 days) if you haven't completed a significant portion of the course. To request a refund, please contact our support team through the Contact page or WhatsApp. Refunds are processed through the same payment method used for enrollment."
        },
        {
            "question": [
                "create account",
                "sign up",
                "register",
                "new account",
                "create profile",
                "how to register",
                "sign up process",
                "create student account"
            ],
            "answer": "To create an account, click on 'Sign Up' in the navigation menu. Fill in your details including first name, last name, email address, mobile number, and create a password. After registration, you'll receive a verification email. Once verified, you can log in and start browsing and enrolling in courses. Registration is free and takes just a few minutes!"
        },
        {
            "question": [
                "login",
                "sign in",
                "log in",
                "access account",
                "forgot password",
                "reset password",
                "can't login",
                "login issue"
            ],
            "answer": "To log in, click on 'Login' in the navigation menu and enter your email and password. If you've forgotten your password, click on 'Forgot Password' and we'll send you a password reset link to your email. If you're experiencing login issues, make sure you're using the correct email and password. Contact support if you continue to have problems accessing your account."
        },
        {
            "question": [
                "preview course",
                "course preview",
                "free preview",
                "try course",
                "sample course",
                "course demo",
                "preview lessons"
            ],
            "answer": "Many courses offer free preview lessons that you can access without enrollment. These preview lessons are marked as 'Preview' and allow you to sample the course content before making a purchase decision. You can watch preview videos, read course descriptions, see the course curriculum, and check instructor profiles. Preview content gives you a good idea of the course quality and teaching style."
        },
        {
            "question": [
                "instructor",
                "teacher",
                "who teaches",
                "course instructor",
                "about instructor",
                "teacher profile",
                "course teacher"
            ],
            "answer": "All our courses are taught by expert instructors who are professionals in their fields. Each course displays the instructor's profile, qualifications, experience, and teaching style. You can view instructor profiles, their other courses, student reviews, and ratings. Some courses may have multiple teachers (main teacher and co-teachers). All instructors are verified and have expertise in their subject areas."
        },
        {
            "question": [
                "mobile app",
                "app download",
                "mobile application",
                "phone app",
                "android app",
                "ios app",
                "download app"
            ],
            "answer": "Currently, KITAB ASAN is a web-based platform that works perfectly on all mobile browsers. You can access all features through your mobile browser - no app download required! The platform is fully responsive and optimized for mobile devices. Simply visit www.kitabasan.com on your mobile browser and you'll have full access to courses, lessons, quizzes, and your dashboard. A dedicated mobile app may be available in the future."
        },
        {
            "question": [
                "video quality",
                "video resolution",
                "video playback",
                "video not working",
                "slow video",
                "video buffering",
                "video quality settings"
            ],
            "answer": "Our video lessons are provided in high quality and are optimized for smooth playback. Video quality automatically adjusts based on your internet connection speed. If you experience slow playback or buffering, try: checking your internet connection, closing other apps/tabs, using a different browser, or checking if other devices on your network are using bandwidth. Contact support if video issues persist."
        },
        {
            "question": [
                "update profile",
                "edit profile",
                "change profile",
                "profile settings",
                "edit account",
                "change information",
                "update account"
            ],
            "answer": "You can update your profile information at any time from your dashboard. Click on your profile picture or name, then select 'Edit Profile'. You can update your name, email, mobile number, profile picture, address, and other personal information. Changes are saved immediately. Make sure your email and mobile number are up to date to receive important notifications about your courses."
        }
    ],
    "student_faqs": [
        {
            "question": [
                "my courses",
                "enrolled courses",
                "my enrolled courses",
                "view my courses",
                "courses i enrolled",
                "my learning",
                "dashboard courses"
            ],
            "answer": "You can view all your enrolled courses from your student dashboard. The dashboard shows your active courses, progress for each course, upcoming lessons, completed courses, and certificates earned. Click on any course to continue learning, access course materials, take quizzes, or view your progress. Your dashboard is your learning hub where you can manage all your courses in one place."
        },
        {
            "question": [
                "how to study",
                "study tips",
                "learning tips",
                "how to learn effectively",
                "best way to study",
                "study guide",
                "learning strategy"
            ],
            "answer": "For effective learning: 1) Set a regular study schedule and stick to it, 2) Watch video lessons in order without skipping, 3) Take notes while watching, 4) Complete all quizzes and assessments, 5) Review materials regularly, 6) Don't hesitate to rewatch lessons if needed, 7) Track your progress and celebrate milestones. Remember, learning at your own pace is important - take breaks when needed!"
        },
        {
            "question": [
                "course completion",
                "complete course",
                "finish course",
                "course done",
                "how to complete course",
                "finish all lessons"
            ],
            "answer": "To complete a course, you need to: 1) Watch all video lessons in the course, 2) Complete all quizzes and pass them with at least 70% score, 3) Complete any assignments or projects, 4) Achieve 100% course progress. Once all requirements are met, the course will be marked as completed and you'll be eligible for a certificate (if the course offers one). Your completion will be tracked in your dashboard."
        },
        {
            "question": [
                "failed quiz",
                "quiz failed",
                "didn't pass quiz",
                "quiz retake",
                "retake quiz",
                "can i retake",
                "quiz attempts"
            ],
            "answer": "Don't worry! You can retake quizzes multiple times. If you didn't pass a quiz (scored below 70%), review the course materials and lesson content, then retake the quiz. Each attempt is tracked, and your best score is saved. Review the questions you got wrong and the correct answers to improve your understanding. There's no limit on quiz retakes, so you can practice until you pass."
        },
        {
            "question": [
                "cancel enrollment",
                "unenroll",
                "leave course",
                "remove course",
                "drop course",
                "withdraw from course"
            ],
            "answer": "You can cancel your enrollment from the course page or your dashboard. Click on the course, then select 'Cancel Enrollment' or 'Leave Course'. Note that canceling enrollment will remove your progress for that course. For paid courses, check our refund policy before canceling. If you change your mind later, you can re-enroll in the course, though you'll need to start from the beginning."
        },
        {
            "question": [
                "time limit",
                "course deadline",
                "course expiry",
                "how long do i have",
                "course duration",
                "access period",
                "when does course end"
            ],
            "answer": "Most courses have lifetime access once you enroll, meaning you can learn at your own pace without any time restrictions. Some courses may have specific start and end dates (check the course details). You can access course materials, watch videos, and take quizzes anytime as long as you remain enrolled. There's no pressure to complete courses quickly - learn at a comfortable pace that works for you."
        }
    ],
    "teacher_faqs": [
        {
            "question": [
                "create course",
                "how to create course",
                "add new course",
                "create new course",
                "course creation",
                "make a course",
                "how do i create a course"
            ],
            "answer": "To create a course: 1) Go to your teacher dashboard, 2) Click 'Create New Course' or 'Add Course', 3) Fill in course details including title, description, grade, subject, price (or mark as free), 4) Upload course thumbnail and cover image, 5) Add learning objectives and requirements, 6) Create modules and chapters, 7) Add lessons with videos, quizzes, or documents, 8) Set course features (certificates, reviews, etc.), 9) Publish the course. You can save as draft and publish later. The admin may need to approve courses before they go live."
        },
        {
            "question": [
                "manage students",
                "my students",
                "view students",
                "course students",
                "student list",
                "enrolled students",
                "who enrolled"
            ],
            "answer": "You can view all students enrolled in your courses from your teacher dashboard. Click on any of your courses to see: list of enrolled students, their progress in the course, quiz scores, completion status, and last activity. You can track individual student progress, see which lessons they've completed, and identify students who may need additional support. This helps you understand how students are engaging with your course content."
        },
        {
            "question": [
                "add content",
                "add lesson",
                "add video",
                "add quiz",
                "course content",
                "upload lesson",
                "create lesson",
                "add module"
            ],
            "answer": "To add content to your course: 1) Go to your course edit page, 2) Create or select a module, 3) Add chapters to the module, 4) Within each chapter, create lessons, 5) For each lesson, you can: upload videos, add YouTube links, create quizzes, upload documents/PDFs, add text content. You can drag and drop to reorder content. Save frequently and preview your course to see how it looks to students. You can add content even after the course is published."
        },
        {
            "question": [
                "track enrollments",
                "enrollment stats",
                "course enrollments",
                "how many students",
                "enrollment count",
                "course statistics"
            ],
            "answer": "Track your course enrollments from your teacher dashboard. Each course shows: total number of enrollments, active students, completed students, enrollment trends over time, and revenue (for paid courses). You can see daily, weekly, and monthly enrollment statistics. These insights help you understand course popularity and student engagement. Detailed analytics are available in your course management section."
        },
        {
            "question": [
                "edit course",
                "update course",
                "modify course",
                "change course",
                "edit course content",
                "update course details"
            ],
            "answer": "You can edit your courses anytime from your teacher dashboard. Click on the course you want to edit, then select 'Edit Course'. You can update: course title and description, course materials and lessons, pricing, course settings, add or remove modules/chapters/lessons, update videos and quizzes. Changes are saved and become immediately visible to enrolled students. You can continue to improve your course based on student feedback."
        },
        {
            "question": [
                "co-teachers",
                "add teacher",
                "course co-teachers",
                "assign teacher",
                "multiple teachers",
                "share course",
                "collaborate"
            ],
            "answer": "The admin can assign multiple teachers (co-teachers) to your course. As the main teacher, you have full editing rights. Co-teachers can help manage the course and support students. Only the admin can add or remove co-teachers from courses. If you need additional teachers for your course, contact the admin with the request. Co-teaching allows for better course management and student support."
        },
        {
            "question": [
                "course analytics",
                "course performance",
                "course stats",
                "student analytics",
                "course reports",
                "performance metrics"
            ],
            "answer": "Access detailed course analytics from your teacher dashboard. View: student completion rates, average quiz scores, time spent on each lesson, most/least popular lessons, student engagement metrics, completion trends, and student feedback. These analytics help you identify which parts of your course are most effective, where students struggle, and how to improve your course content. Use this data to enhance your teaching and course materials."
        },
        {
            "question": [
                "video upload",
                "upload video",
                "add video lesson",
                "video file",
                "video size",
                "video format",
                "video requirements"
            ],
            "answer": "You can upload videos directly to the platform or use YouTube/Vimeo links. For direct upload: supported formats include MP4, MOV, AVI, video size should be optimized (recommended under 500MB per video), upload in the lesson creation page. Alternatively, you can use YouTube unlisted/private links - just paste the video URL. Videos are automatically processed and optimized for streaming. For large video files, using YouTube is recommended for better performance."
        },
        {
            "question": [
                "create quiz",
                "add quiz",
                "quiz questions",
                "make quiz",
                "quiz creation",
                "how to make quiz"
            ],
            "answer": "To create a quiz: 1) Go to the lesson where you want to add a quiz, 2) Click 'Add Content' or 'Add Quiz', 3) Enter quiz title and description, 4) Add multiple-choice questions with correct answers and options, 5) Set passing score (default is 70%), 6) Mark questions as preview (free) or paid, 7) Save the quiz. Students must answer all questions and achieve the passing score. You can edit quizzes anytime and questions are automatically graded."
        },
        {
            "question": [
                "course approval",
                "course publish",
                "publish course",
                "approve course",
                "course status",
                "when will course be live"
            ],
            "answer": "After creating your course, it may need admin approval before being published and visible to students. Course status will show as 'Pending' until approved. Once approved, your course will be published and students can enroll. You'll be notified when your course is approved. Make sure all course content is complete and follows platform guidelines for faster approval. Contact admin if your course is pending for too long."
        }
    ],
    "greetings": {
        "hi": "Hello! Welcome to KITAB ASAN. How can I help you today?",
        "hello": "Hello! I'm here to help you with any questions about our platform. What would you like to know?",
        "hey": "Hey there! Welcome to KITAB ASAN. How can I assist you?",
        "good morning": "Good morning! Welcome to KITAB ASAN. How can I help you today?",
        "good afternoon": "Good afternoon! Welcome to KITAB ASAN. What would you like to know?",
        "good evening": "Good evening! Welcome to KITAB ASAN. How can I assist you?",
        "greetings": "Greetings! Welcome to KITAB ASAN. I'm here to help with your learning journey. What can I assist you with?",
        "namaste": "Namaste! Welcome to KITAB ASAN. How can I help you today?",
        "assalamu alaikum": "Wa Alaikum Assalam! Welcome to KITAB ASAN. How can I assist you with your learning needs?"
    },
    "goodbyes": {
        "thank you": "You're welcome! If you have any more questions, feel free to ask. Happy learning!",
        "thanks": "You're welcome! Feel free to ask if you need anything else. Enjoy your learning journey!",
        "bye": "Goodbye! Have a great day and happy learning!",
        "goodbye": "Goodbye! We hope to see you again soon. Happy learning!",
        "see you": "See you later! Keep learning and growing. All the best!",
        "take care": "Take care! Keep up the great work with your studies. Until next time!",
        "thanks a lot": "You're very welcome! It's my pleasure to help. Feel free to come back anytime if you have more questions. Happy learning!"
    }
}
